front,back,hint,publishedAt,pronunciation
cobweb,telaraña,The old house was filled with cobwebs in every corner.,2026-08-22T08:29:02.454Z,/ˈkɑbˌwɛb/
Be a nuisance,Sé una molestia,Be a nuisance. Take caution.,2026-08-10T18:25:01.237Z,/ˈbi ə ˈnusəns/
tender feet,pies sensibles,,2026-08-06T05:27:23.822Z,/ˌtɛndər ˈfit/
shooting star,estrella fugaz,"Last night, I saw a shooting star and made a wish for happiness.",2026-08-03T21:49:22.889Z,/ˈʃutɪŋ stɑr/
gross,asqueroso,The food was so gross that I couldn't eat it.,2026-08-03T21:40:18.274Z,
armpit,axila,I put deodorant on my armpits every morning.,2026-08-03T21:36:38.120Z,/ˈɑrmˌpɪt/
humming,tararear,The child was humming a cheerful song while playing in the garden.,2026-08-03T12:22:46.891Z,/ˈhʌmɪŋ/
yawn,bostezo,She couldn't help but yawn during the boring lecture.,2026-08-01T22:38:03.168Z,/jɔn/
garish,chillón,The garish colors of the carnival made it hard to focus on anything else.,2026-07-27T16:02:22.868Z,/ˈɡærɪʃ/
wasp,avispa,"The wasp flew around the picnic, making everyone nervous.",2026-07-27T14:09:26.186Z,/wɑsp/
vultures,buitres,"The vultures circled above, waiting for the right moment to land.",2026-07-23T19:35:00.147Z,/ˈvʌltʃərz/
mermaid,sirena,The little girl dressed up as a mermaid for the costume party.,2026-07-22T09:07:46.067Z,/ˈmɜrˌmeɪd/
allegedly,supuestamente,The suspect allegedly stole the car.,2026-07-20T06:18:04.146Z,/əˈlɛdʒədli/
snore,roncar,He snores loudly every night.,2026-07-02T14:53:19.445Z,/snɔr/
splinter,astilla,The child cried when he got a splinter in his finger.,2026-06-01T21:42:23.605Z,/ˈsplɪntər/
mouthy,bocazas,,2026-05-23T03:38:09.640Z,/ˈmaʊθi/
have someone's back,cubrirle las espaldas a alguien,"Don't worry, I have your back during the presentation.",2026-05-21T18:12:23.659Z,/ˈhæv ˈsʌˌmwʌnz ˈbæk/
get off on something,flipar con algo,She really gets off on horror movies; she watches them every weekend.,2026-05-21T17:17:18.279Z,/ˈɡɛt ˈɔf ˈɑn ˈsʌmθɪŋ/
mumble,murmullo,She tends to mumble when she is nervous during presentations.,2026-05-19T20:49:06.348Z,/ˈmʌmbəl/
mischivous,travieso,The mischievous puppy stole my socks and ran around the house.,2026-05-18T06:25:35.778Z,/ˈmɪstʃɪvəs/
be blown away,quedar impresionado,I was blown away by the magician's incredible tricks!,2026-05-16T07:18:47.836Z,/ˈbi ˈbloʊn əˈweɪ/
hit on someone,coquetear con alguien,"At the party, he tried to hit on her by complimenting her dress.",2026-05-16T07:16:54.759Z,/ˈhɪt ˈɑn ˈsʌˌmwʌn/
get it out of the way,dejar algo claro,Let's get it out of the way: do you still want to go?,2026-05-16T07:15:27.909Z,/ˈɡɛt ˈɪt ˈaʊt ˈʌv ðə ˈweɪ/
hotshot,as/fenomeno,"He thinks he’s a hotshot because he got a promotion, but he still has a lot to learn.",2026-05-16T07:07:38.335Z,/ˈhɑˌʃɑt/
dazzling,deslumbrante,She wore a dazzling dress at the party.,2026-05-16T07:04:28.205Z,/ˈdæzəlɪŋ/
debunk,desmentir,The scientist worked hard to debunk the myths about vaccines.,2026-05-15T08:10:33.469Z,/dɪˈbʌŋk/
unassuming,modesto,She is an unassuming person who never seeks the spotlight.,2026-05-15T08:02:28.962Z,/ˌʌnəˈsumɪŋ/
flawless,perfecto,Her performance in the play was flawless.,2026-05-13T06:31:14.274Z,/ˈflɔləs/
give it a go,inténtalo,Why don't you give it a go?,2026-05-08T13:37:20.378Z,/ˈɡɪv ˈɪt ə ˈɡoʊ/
straw,Pajita,I made a hat out of straw.,2026-05-04T12:34:13.473Z,/ˈstɹɔ/
ban,prohibición,The school decided to ban chewing gum in the classrooms.,2026-05-03T09:58:55.774Z,/ˈbæn/
thoughtful,amable / considerado,It was thoughtful of you to help your friend with their homework.,2026-05-03T09:57:35.366Z,/ˈθɔtfəl/
screw up,arruinar,I really screwed up the presentation yesterday.,2026-05-03T09:55:13.225Z,/ˈskɹu ˈʌp/
to be grounded,estar castigado,"After breaking the rules, she was grounded for a week.",2026-05-03T09:53:50.797Z,/ˈtu ˈbi ˈɡɹaʊndɪd/
cool off,calmarse,"After the argument, she needed some time to cool off.",2026-05-03T09:53:33.610Z,/ˈkul ˈɔf/
crank up the volume,sube el volumen,Can you crank up the music?,2026-05-03T09:49:19.593Z,/ˈkɹæŋk ˈʌp ðə ˈvɑljum/
sneak,a hurtadillas / furtivamente,I will sneak out of the house at night.,2026-05-03T09:47:33.057Z,/ˈsnik/
picky,quisquilloso,My sister is very picky about what she eats; she only likes certain vegetables.,2026-05-02T21:28:49.800Z,/ˈpɪki/
unhinged,desquiciado,"After losing the game, he became unhinged and started yelling.",2026-05-02T18:58:51.746Z,/əˈnhɪndʒd/
liability,responsabilidad,The company has a liability to pay its employees on time.,2026-05-02T13:11:59.834Z,/ˌlaɪəˈbɪlɪti/
to be in a funk,estar de bajón,"After losing the game, Jake was in a funk for the rest of the day.",2026-04-30T15:58:31.273Z,/ˈtu ˈbi ɪn ə ˈfʌŋk/
nag,"dar la lata, molestar",She always nags her brother to clean his room.,2026-04-28T07:43:00.179Z,/ˈnæɡ/
illiteracy,analfabetismo,Illiteracy is a major issue in many developing countries.,2026-04-23T05:05:22.255Z,/ˌɪˈlɪtɚəsi/
It was a lot of fun.,Nos lo hemos pasado muy bien.,Last weekend's picnic was amazing; it was a lot of fun!,2026-04-16T05:29:33.590Z,/ˈɪt ˈwɑz ə ˈlɑt ˈʌv ˈfʌn/
grunt work,trabajo pesado,"After finishing the fun part of the project, we had to tackle the grunt work of organizing all the files.",2026-04-14T18:25:34.318Z,/ˈɡɹʌnt ˈwɝk/
worn,gastado,The shoes were so worn that I could see the holes in them.,2026-04-04T09:29:56.441Z,/ˈwɔɹn/
butler,mayordomo,The butler served dinner to the guests.,2026-04-03T12:43:06.731Z,/ˈbʌtlɚ/
parcel,paquete,I received a parcel in the mail today.,2026-04-03T12:28:29.224Z,/ˈpɑɹsəl/
sweat,sudor,I could feel the sweat dripping down my back.,2026-04-03T12:01:53.083Z,/ˈswɛt/
lean,inclinarse/esbelto,She had to lean against the wall to catch her breath.,2026-04-03T11:59:02.910Z,/ˈlin/
cling,adherirse,The wet clothes will cling to your skin if you don’t dry them properly.,2026-04-03T11:50:39.749Z,/ˈklɪŋ/
rabble,muchedumbre,"During the protest, the rabble became increasingly agitated.",2026-04-03T11:46:33.713Z,/ˈɹæbəl/
crawl,reptar,He had to crawl under the table to get the toy.,2026-04-03T06:32:15.281Z,/ˈkɹɔl/
tightly,con fuerza,,2026-04-01T06:42:36.961Z,/ˈtaɪtli/
forearm,antebrazo,He injured his forearm while playing basketball.,2026-04-01T06:38:58.400Z,/fɔˈɹɑɹm/
scale,báscula,The baker used a scale to weigh the flour for the cake.,2026-03-31T20:23:55.040Z,/ˈskeɪl/
famished,famélico,I was famished after the long hike.,2026-03-29T00:32:03.725Z,/ˈfæmɪʃt/
needles,agujas,The pine tree has sharp needles that fall in the winter.,2026-03-24T14:04:09.963Z,/ˈnidəlz/
jostle,empujar,The children began to jostle each other as they rushed to get to the front of the line.,2026-03-23T21:33:02.077Z,/ˈdʒɑsəl/
gawkers,mirones,"The accident caused a lot of gawkers to stop and stare, blocking the road.",2026-03-23T21:30:57.469Z,/ˈɡɑkɚz/
hawkers,vendedores ambulantes,The hawkers at the night market offer a variety of delicious street food.,2026-03-23T21:30:39.328Z,/ˈhɔkɚz/
motley,variopinto,"At the festival, there was a motley crowd of people from all walks of life.",2026-03-23T21:26:30.312Z,/ˈmɑtli/
all in all,considerándolo todo,"All in all, it was a great trip.",2026-03-23T14:15:20.630Z,/ˈɔl ɪn ˈɔl/
limbs,extremidades,"After the long hike, my limbs felt tired and sore.",2026-03-23T14:13:17.828Z,/ˈlɪmz/
sewer,alcantarilla,The heavy rain caused the sewer to overflow.,2026-03-23T14:12:28.781Z,/ˈsuɚ/
unbearable,inaguantable,The pain was unbearable after the accident.,2026-03-23T14:08:36.435Z,/əˈnbɛɹəbəl/
craned your neck,estirar el cuello,He craned his head back to look at the stars in the night sky.,2026-03-22T09:17:13.405Z,/ˈkɹeɪnd ˈjɔɹ ˈnɛk/
alley,callejón,The children played hide and seek in the alley behind the houses.,2026-03-22T09:14:11.244Z,/ˈæli/
bugger,pobre diablo/mocoso,Did you see that little bugger who ran down the hall?,2026-03-22T09:13:09.075Z,/ˈbʌɡɚ/
claw,garra,The cat used its claw to scratch the furniture.,2026-03-22T09:07:41.757Z,/ˈklɔ/
fishmonger,pescadero,The fishmonger at the market always has the freshest catch of the day.,2026-03-22T09:06:55.606Z,/ˈfɪˌʃmɑŋɡɚ/
tux,esmoquin,He wore a stylish tux to the wedding.,2026-03-22T09:05:03.432Z,/ˈtʌks/
blubbering,lloriqueando,"After losing the game, the little boy was blubbering in the corner.",2026-03-21T15:16:47.924Z,/ˈblʌbərɪŋ/
filling,empaste,I have two fillings in my teeth.,2026-03-21T15:15:07.660Z,/ˈfɪlɪŋ/
sip,sorbo,She took a sip of her hot chocolate and smiled.,2026-03-18T14:24:01.852Z,/ˈsɪp/
astounding,asombroso,The magician's performance was astounding.,2026-03-17T22:08:23.433Z,/əˈstaʊndɪŋ/
uneventful,sin incidentes,The trip turned out to be quite uneventful.,2026-03-15T14:48:30.047Z,/ˌʌniˈvɛntfəl/
peppy,animado,The peppy music made everyone want to dance.,2026-03-13T04:25:37.806Z,/ˈpɛpi/
disgruntled,descontento,The employees were disgruntled about the new policies.,2026-03-13T04:23:24.446Z,/dɪˈsɡɹʌntəld/
savvy,inteligente,She is very savvy when it comes to technology.,2026-03-12T10:08:39.414Z,/ˈsævi/
hands down,sin duda,This is hands down the best pizza I've ever had.,2026-03-12T09:56:46.227Z,/ˈhændz ˈdaʊn/
catcall,silbido acosador,Many people believe that cat calling is disrespectful and should not happen.,2026-03-12T06:05:43.520Z,/ˈkæˌtkɔl/
swept under the rug,barrido bajo la alfombra,The company's financial problems were swept under the rug until it was too late to fix them.,2026-03-11T06:05:23.074Z,/ˈswɛpt ˈʌndɚ ðə ˈɹʌɡ/
rehearsal,ensayo,We need to schedule a rehearsal for the school concert next week.,2026-03-07T09:31:45.133Z,/ɹɪˈhɝsəl/
can't stand,no puede soportar,I can't stand loud music.,2026-03-07T09:31:30.018Z,/ˈkænt ˈstænd/
made up,inventar,She made up a story about a dragon to entertain her friends.,2026-03-07T09:30:36.890Z,/ˈmeɪd ˈʌp/
catch on,entender,"After a few tries, I finally caught on to how to solve the puzzle.",2026-03-07T09:30:02.849Z,/ˈkætʃ ˈɑn/
freckle,peca,She has cute freckles on her nose that appear in the summer.,2026-03-07T09:28:43.929Z,/ˈfɹɛkəl/
backfired,le salió el tiro por la culata,The prank he played on his friend backfired when everyone started laughing at him instead.,2026-03-07T09:27:17.032Z,/ˈbæˌkfaɪɚd/
sprinkler,aspersor,The sprinkler watered the garden evenly.,2026-03-07T09:25:58.296Z,/ˈspɹɪŋklɚ/
hassling,molestando,Stop hassling me about my homework; I will finish it soon!,2026-03-07T09:21:22.998Z,/ˈhæsəlɪŋ/
scrape,raspar,The child used a spoon to scrape the last bit of ice cream from the bowl.,2026-03-06T18:27:18.139Z,/ˈskɹeɪp/
potty,orinal,My little brother is learning to use the potty.,2026-03-06T18:26:16.513Z,/ˈpɑti/
noogie,coscorrón,"He always gives me a noogie when he wants to tease me, and I can't help but laugh.",2026-03-06T18:21:18.998Z,/ˈnuɡi/
hang out,pasar el rato,I’m going to hang out at the mall with my friends this Saturday.,2026-03-06T18:20:34.135Z,/ˈhæŋ ˈaʊt/
dime,diez centavos,,2026-03-05T17:12:33.822Z,/ˈdaɪm/
screening,"prueba, evaluación",The company is conducting a screening of all job applicants.,2026-03-05T16:58:03.886Z,/ˈskɹinɪŋ/
hand out,repartir,The teacher will hand out the homework assignments at the end of class.,2026-03-05T16:56:21.538Z,/ˈhænd ˈaʊt/
gifted,superdotado,She is a gifted musician.,2026-03-05T16:56:07.827Z,/ˈɡɪftəd/
chew out,regañar,"After missing the deadline, the manager chewed out the team for their lack of organization.",2026-03-05T16:54:56.217Z,/ˈtʃu ˈaʊt/
racket,ruido fuerte,The racket from the construction site was very annoying.,2026-03-05T16:53:12.988Z,/ˈɹækɪt/
hoop,aro,She jumped through the hoop during the circus performance.,2026-03-05T16:41:55.955Z,/ˈhup/
blacktop,asfalto,The blacktop driveway was smooth and easy to walk on.,2026-03-05T16:41:30.243Z,/ˈblæˌktɑp/
sneak off,escabullirse,"After the party, I decided to sneak off before anyone noticed.",2026-03-05T16:39:51.634Z,/ˈsnik ˈɔf/
drawbacks,inconvenientes,One of the drawbacks of living in a big city is the high cost of living.,2026-03-04T12:32:48.193Z,/ˈdɹɔˌbæks/
surrender,rendirse,I had to surrender to the police.,2026-03-02T22:10:46.728Z,/sɚˈɛndɚ/
quirks,rarezas,Her quirks include talking to her plants and collecting unusual rocks.,2026-03-01T23:30:52.592Z,/ˈkwɝks/
acute,agudo,The acute angle in the triangle measures less than 90 degrees.,2026-02-24T05:39:06.865Z,/əˈkjut/
casket,ataúd,"During the funeral, the casket was placed in the center of the room for everyone to pay their respects.",2026-02-20T00:00:30.550Z,/ˈkæskət/
harvest,cosecha,,2026-02-17T07:19:04.892Z,/ˈhɑɹvəst/
achy,doloroso,"After the long hike, my legs felt achy.",2026-02-15T12:09:23.914Z,/ˈeɪki/
luster,brillo,The luster of the diamond made it the center of attention in the jewelry store.,2026-02-14T07:36:33.047Z,/ˈlʌstɚ/
tradeoff,"sacrificar, solución intermedia",Choosing to study for an exam means making a tradeoff with your free time.,2026-02-12T09:47:51.434Z,/ˈtɹeɪˌdɔf/
steer,conducir,He had to steer the car carefully around the sharp turn.,2026-02-12T09:45:10.650Z,/ˈstɪɹ/
hallway,pasillo,The children ran down the hallway to their classroom.,2026-02-12T06:07:26.538Z,/ˈhɔˌlweɪ/
petty,insignificante,Don't waste your time on petty complaints.,2026-02-07T06:55:38.985Z,/ˈpɛˌti/
pester,molestar,"I don't want to pester you, but can you help me with my homework?",2026-02-05T18:33:29.210Z,/ˈpɛstɚ/
shivering,temblando,The little boy was shivering in the cold wind.,2026-02-03T07:34:11.296Z,/ˈʃɪvɚɪŋ/
we shall see,veremos,"When asked if it will rain tomorrow, she replied, ""We shall see.",2026-02-03T07:33:23.621Z,/ˈwi ˈʃæl ˈsi/
peasant,campesino,The peasant worked hard in the fields every day.,2026-02-03T00:09:05.310Z,/ˈpɛzənt/
faucet,grifo,I turned on the faucet to wash my hands.,2026-02-01T08:50:53.588Z,/ˈfɔsət/
over heighten,exagerar,"She tends to over heighten her stories, which makes them hard to believe.",2026-02-01T08:37:47.225Z,/ˈoʊvɚ ˈhaɪtən/
riot,distirbios,Police were called to control the riot that broke out in the downtown area.,2026-02-01T08:36:46.723Z,/ˈɹaɪət/
eerie,inquietante,She heard an eerie sound coming from the dark forest.,2026-02-01T08:33:07.837Z,/ˈɪɹi/
treacherous,traicionero,The treacherous path made the hike very dangerous.,2026-02-01T08:31:34.545Z,/ˈtɹɛtʃɚəs/
lean into,enfrentarse,"Instead of avoiding her fears, she chose to lean into them and learn more about herself.",2026-01-31T10:29:04.793Z,/ˈlin ˈɪntu/
raspiness,aspereza,Her voice had a raspiness that made it sound unique and interesting.,2026-01-31T10:20:22.594Z,/ˈræspɪnəs/
strive,esforzarse,I strive to do my best in school.,2026-01-31T08:41:25.992Z,/ˈstɹaɪv/
joint,articulación/antro,,2026-01-31T08:35:25.960Z,/ˈdʒɔɪnt/
goofy,bobalicón,My little brother always makes goofy faces to make us laugh.,2026-01-31T08:27:40.730Z,/ˈɡufi/
sizzle,chisporroteo,,2026-01-31T08:16:34.969Z,/ˈsɪzəl/
cachinnate,carcajear,"During the comedy show, the audience began to cachinnate at the funniest jokes.",2026-01-31T07:42:32.727Z,/ˈkækɪneɪt/
blob,masa informe,There was a blob of jelly on my toast.,2026-01-29T19:00:15.033Z,/ˈblɑb/
cram,embutir,She crammed all her clothes into the suitcase.,2026-01-29T06:52:49.220Z,/ˈkɹæm/
hideous,horrible,She wore a hideous dress that nobody liked at the party.,2026-01-28T19:19:10.999Z,/ˈhɪdiəs/
flattery,alagar,She used flattery to get what she wanted.,2026-01-25T07:08:22.396Z,/ˈflætɚi/
dumpster,contenedor de basura,The workers filled the dumpster with old furniture and broken appliances.,2026-01-24T22:18:30.107Z,/ˈdʌmpstɚ/
crib,cuna,The baby is sleeping in the crib.,2026-01-24T09:37:16.659Z,/ˈkɹɪb/
grasp on,comprensión de,The teacher helped the students gain a better grasp on the topic.,2026-01-24T09:36:41.857Z,/ˈɡɹæsp ˈɑn/
flaws,defectos,The report had several flaws that needed to be corrected.,2026-01-24T07:28:51.270Z,/ˈflɔz/
sizzle out,apagarse,"The party started with a lot of energy, but it began to sizzle out by midnight.",2026-01-24T07:27:32.806Z,/ˈsɪzəl ˈaʊt/
downtime,tiempo de inactividad,"During the downtime, we can plan our next project.",2026-01-24T07:12:36.188Z,/ˈdaʊˌntaɪm/
deceive,engañar,He tried to deceive me with a fake story.,2026-01-24T06:55:18.467Z,/dɪˈsiv/
vain,vanidoso,She is so vain that she spends hours looking in the mirror.,2026-01-24T06:50:21.825Z,/ˈveɪn/
scarecrow,espantapájaros,The farmer built a scarecrow to keep the crows away from his cornfield.,2026-01-24T06:44:08.886Z,/ˈskæˌɹkɹoʊ/
scare off,asustar,The loud noise from the fireworks scared off the birds.,2026-01-24T06:40:47.506Z,/ˈskɛɹ ˈɔf/
bonfire,hoguera,"Every summer, we have a bonfire night with friends.",2026-01-24T06:31:49.560Z,/ˈbɑˌnfaɪɚ/
to be stalked,ser acosado,She felt scared because she thought she was being stalked by someone she didn't know.,2026-01-23T05:17:07.276Z,/ˈtu ˈbi ˈstɔkt/
berate,regañar,The teacher berated the students for not completing their homework on time.,2026-01-22T16:57:16.766Z,/bɪˈɹeɪt/
hazard,peligro,The wet floor is a slip hazard.,2026-01-21T06:09:37.963Z,/ˈhæzɚd/
shrink,encogerse,The sweater will shrink if you wash it in hot water.,2026-01-19T22:11:36.605Z,/ˈʃɹɪŋk/
I give a damn,Me importa un comino.,I give a damn about my friends' happiness.,2026-01-19T00:08:32.561Z,/ˈaɪ ˈɡɪv ə ˈdæm/
chuckle,risita,She couldn't help but chuckle at the funny joke.,2026-01-18T09:29:02.809Z,/ˈtʃʌkəl/
to be swollen,estar hinchado,"After the bee sting, her hand was swollen and painful.",2026-01-16T23:28:48.879Z,/ˈtu ˈbi ˈswoʊlən/
my body is sore,me duele el cuerpo,"After the long hike, my body is sore and I need to rest.",2026-01-16T23:27:33.313Z,/ˈmaɪ ˈbɑdi ˈɪz ˈsɔɹ/
to have a ditch day,tener un día libre,We decided to have a ditch day and go to the beach instead of school.,2026-01-16T23:25:45.781Z,/ˈtu ˈhæv ə ˈdɪtʃ ˈdeɪ/
mishaps,percances,"We had a few mishaps during our camping trip, like forgetting the tent poles.",2026-01-15T17:41:11.362Z,/ˈmɪˌshæps/
brag,presumir,He likes to brag about his new car.,2026-01-13T22:58:03.512Z,/ˈbɹæɡ/
stuffed animal,peluche,I have a big stuffed animal that I sleep with every night.,2026-01-07T23:37:19.518Z,/ˈstʌft ˈænəməl/
whole heartedly,de todo corazón,He whole heartedly believes in the importance of education for everyone.,2026-01-04T00:29:54.203Z,/ˈhoʊl ˈhɑɹtɪdli/
leftovers,sobras,I put the leftovers in the fridge for tomorrow.,2025-12-30T00:01:59.785Z,/ˈlɛˌftoʊvɚz/
barefoot,descalzo,She loves to walk barefoot on the grass in the summer.,2025-12-27T05:21:29.317Z,/ˈbɛˌɹfʊt/
Good grief,Por Dios,"Good grief, I can't believe how much homework we have this week!",2025-12-25T22:08:40.598Z,/ˈɡʊd ˈɡɹif/
I dread it!,¡Lo detesto!,I dread it when I have to give a speech in front of the class.,2025-12-25T08:17:12.254Z,/ˈaɪ ˈdɹɛd ˈɪt/
downsides,desventajas,One of the downsides of living in a big city is the high cost of living.,2025-12-20T07:40:59.614Z,/ˈdaʊˌnsaɪdz/
car wreck,accidente de coche,The car wreck on the highway caused a long traffic jam.,2025-12-20T07:17:08.775Z,/ˈkɑɹ ˈɹɛk/
I wouldn’t have pegged...,No habría imaginado...,I wouldn’t have pegged her as a great singer; she seems so shy.,2025-12-11T21:05:52.738Z,/aɪ ˈwʊdənt həv pɛɡd/
plunge,sumergir,He took a deep breath and plunged into the cold water.,2025-12-10T06:28:45.440Z,/ˈplʌndʒ/
gooey,pegajoso,"After the rain, the mud became gooey and hard to walk through.",2025-12-09T22:41:05.057Z,/ˈɡui/
lousy,malísimo,This movie was really lousy.,2025-12-08T22:11:24.626Z,/ˈlaʊzi/
shyster ring,pandilla de estafadores,The police uncovered a shyster ring that was selling fake insurance policies.,2025-12-08T20:35:35.306Z,/ˈʃaɪstɚ ˈɹɪŋ/
thrifty,ahorradora,My grandmother is very thrifty; she always finds the best deals at the store.,2025-12-08T20:33:53.060Z,/ˈθɹɪfti/
pun,juego de palabras,I had to ask the AI about that subtle pun,2025-12-06T00:04:23.953Z,/ˈpʌn/
flesh,carne,"After the accident, the doctor examined the flesh to check for any injuries.",2025-12-04T09:01:07.216Z,/ˈflɛʃ/
pimples,espinillas,I have a few pimples on my forehead.,2025-12-04T08:59:56.081Z,/ˈpɪmpəlz/
sassy,descarado,She gave a sassy reply to the teacher.,2025-12-03T22:36:22.273Z,/ˈsæsi/
torn,rasgado,His shirt was torn after the fight.,2025-11-30T00:02:35.438Z,/ˈtɔɹn/
hush,Cállate,"She put her finger to her lips and said, ""Hush, the baby is sleeping.",2025-11-29T23:53:48.551Z,/ˈhʌʃ/
fortune teller,adivino,She visited a fortune teller to learn about her future.,2025-11-28T07:07:09.962Z,/ˈfɔɹtʃən ˈtɛlɚ/
I don't want to get my hopes up,No quiero hacerme ilusiones.,"I'm excited about the job interview, but I don't want to get my hopes up.",2025-11-28T06:59:08.245Z,/ˈaɪ ˈdoʊnt ˈwɑnt ˈtu ˈɡɛt ˈmaɪ ˈhoʊps ˈʌp/
band-aids,tiritas,I put a Band-Aid on my finger after I cut it while cooking.,2025-11-28T06:56:05.094Z,/ˈbændˌeɪdz/
pissant,mequetrefe,She called him a pissant for not standing up for himself.,2025-11-27T06:12:03.305Z,/ˈpɪsˌænt/
to curse,"decir palabrotas, maldecir",He started to curse when he stubbed his toe on the table.,2025-11-27T06:10:29.236Z,/ˈtu ˈkɝs/
I'm mad,Estoy enfadado.,She is mad at her friend for not coming to the party.,2025-11-27T06:02:10.239Z,/ˈaɪm ˈmæd/
oversight,descuido,Her oversight led to a mistake in the report.,2025-11-25T12:03:48.118Z,/ˈoʊvɚˌsaɪt/
eyeglasses,gafas,I need to wear my eyeglasses to read the book.,2025-11-23T07:44:26.979Z,/ˈaɪˌɡlæsəz/
pricy,caro,"The new smartphone is really pricy, but it has amazing features.",2025-11-23T07:39:37.103Z,/ˈpraɪsi/
mow,Cortar el césped,The gardener will mow the lawn every Saturday.,2025-11-20T12:56:21.193Z,/ˈmoʊ/
skunk,mofeta,The skunk sprayed its strong-smelling liquid when it felt threatened.,2025-11-20T06:05:51.329Z,/ˈskʌŋk/
to be aghast,estar horrorizado,She was aghast when she saw the damage caused by the storm.,2025-11-19T22:15:04.485Z,/ˈtu ˈbi əˈɡæst/
it's staggering,Es asombroso.,The amount of food wasted each year is staggering.,2025-11-19T21:47:14.440Z,/ˈɪts ˈstæɡɚˌɪŋ/
sneering,burla,His sneering comments made her feel unappreciated.,2025-11-19T21:45:02.337Z,/ˈsnɪɹɪŋ/
gloomy,sombrío,The sky was gloomy all day.,2025-11-18T22:30:24.575Z,/ˈɡlumi/
vine,enredadera,,2025-11-18T15:37:51.834Z,/ˈvaɪn/
eyelids,párpados,She blinked her eyelids to keep her eyes from drying out.,2025-11-17T18:16:39.794Z,/ˈaɪˌlɪdz/
convenient,práctico,It’s convenient to have a bus stop nearby.,2025-11-06T23:00:36.097Z,/kəˈnvinjənt/
thrive,prosperar,The flowers in the garden thrive with plenty of sunlight and water.,2025-11-06T22:36:46.589Z,/ˈθɹaɪv/
maiden name,nombre de soltera,She decided to keep her maiden name after getting married.,2025-11-06T09:31:21.411Z,/ˈmeɪdən ˈneɪm/
stool,taburete,"After dinner, the children took turns sitting on the stool to reach the sink.",2025-11-05T22:42:27.802Z,/ˈstul/
conundrum,misterio,She enjoyed solving the conundrum presented in the mystery novel.,2025-11-04T20:16:55.753Z,/kəˈnʌndɹəm/
leach out,aprovechar,I want to leach out as much as possible.,2025-11-04T06:03:25.637Z,/ˈlitʃ ˈaʊt/
kennel,caseta del perro,The dog slept in its kennel all night.,2025-11-02T10:44:29.893Z,/ˈkɛnəl/
chew,masticar,I like to chew gum.,2025-11-02T10:44:05.966Z,/ˈtʃu/
tins,latas,We bought several tins of soup for the winter.,2025-11-02T10:43:54.736Z,/ˈtɪnz/
to give grief,dar la lata,The guys gave me plenty of grief for it as usual.,2025-11-02T07:36:20.998Z,/ˈtu ˈɡɪv ˈɡɹif/
tracksuit,chandal,I wear my tracksuit when I go jogging in the park.,2025-11-01T10:35:24.897Z,/ˈtrækˌsut/
chainsaw,motosierra,Be careful when using a chainsaw; it can be very dangerous.,2025-10-31T13:55:40.576Z,/ˈtʃeɪˌnsɔ/
horsing around,haciendo el tonto,"The kids were horsing around in the backyard, laughing and playing tag.",2025-10-31T13:53:39.128Z,/ˈhɔɹsɪŋ ɚˈaʊnd/
nonchalant,despreocupado,"His nonchalant attitude during the exam surprised everyone, as most students were nervous.",2025-10-29T07:53:42.119Z,/ˌnɑnʃəˈlɑnt/
I wish.,Ojalá.,I wish I could fly like a bird.,2025-10-28T20:41:04.042Z,/ˈaɪ ˈwɪʃ/
sting,picadura,The bee will sting if you get too close.,2025-10-27T07:00:00.699Z,/ˈstɪŋ/
crisp air,aire fresco,The morning walk was delightful with the crisp air filling my lungs.,2025-10-27T06:53:15.196Z,/ˈkɹɪsp ˈɛɹ/
nook,rincón,I love to read in my cozy nook by the window.,2025-10-26T07:52:54.233Z,/ˈnʊk/
spare room,habitación libre,She turned the spare room into a cozy reading nook.,2025-10-26T07:52:41.253Z,/ˈspɛɹ ˈɹum/
wealthy,adinerado,Many wealthy individuals donate to charity.,2025-10-26T07:42:53.361Z,/ˈwɛlθi/
Just my luck!,¡Qué suerte la mía!,"I forgot my umbrella, and now it's raining. Just my luck!",2025-10-26T07:41:52.710Z,/ˈdʒʌst ˈmaɪ ˈlʌk/
she’s on cloud nine,Está en la gloria.,"After winning the championship, she's on cloud nine.",2025-10-24T06:13:15.940Z,/ʃiz ɑn klaʊd naɪn/
icky,asqueroso,The old food in the fridge smelled icky and needed to be thrown away.,2025-10-22T21:40:44.522Z,/ˈɪki/
spotty,irregular,Her attendance at school has been spotty this semester.,2025-10-21T22:17:54.154Z,/ˈspɑti/
heist,robo,The movie was about a daring heist at a famous museum.,2025-10-20T06:37:33.832Z,/ˈhaɪst/
Kindred spirts,Almas gemelas,"After talking for hours, I realized we were kindred spirits.",2025-10-19T05:55:36.578Z,/ˈkɪndrəd ˈspɪɹɪts/
bliss,felicidad,She felt a sense of bliss while watching the sunset.,2025-10-19T05:54:27.849Z,/ˈblɪs/
no lip,sin protestar,"Don’t be a grump go to the competition, no lip, mister.",2025-10-18T12:39:33.077Z,/ˈnoʊ ˈlɪp/
grump,gruñón,My neighbor is such a grump; he never smiles.,2025-10-18T12:37:46.800Z,/ˈɡɹʌmp/
oodles,un montón,of getting things done with oodles of time on my hands.,2025-10-18T07:12:03.477Z,/ˈudəlz/
toss,sacudida,He tossed his keys on the table.,2025-10-17T10:33:10.721Z,/ˈtɔs/
would that I could!,¡Ojalá pudiera!,,2025-10-16T05:15:51.830Z,/ˈwʊd ˈðæt ˈaɪ ˈkʊd/
likewise,"del mismo modo, igualmente","The weather was beautiful yesterday; likewise, today is sunny and warm.",2025-10-15T17:56:08.665Z,/ˈlaɪˌkwaɪz/
worship,Adoración,She felt a deep sense of worship for the beauty of nature.,2025-10-14T22:27:55.753Z,/ˈwɝʃəp/
uneasiness,malestar,She felt a sense of uneasiness before the big test.,2025-10-14T22:24:48.485Z,/ˌʌˈnizinəs/
wrinkle,arruga,"As she aged, she developed more wrinkles on her face.",2025-10-14T21:22:32.104Z,/ˈɹɪŋkəl/
get wasted,emborracharse,"We are going to the party tonight, and I plan to get wasted!",2025-10-14T06:06:57.730Z,/ˈɡɛt ˈweɪstɪd/
maudlin,sensiblero,"After watching the maudlin movie, she couldn't stop crying about the characters' sad lives.",2025-10-13T22:08:38.445Z,/ˈmɔdlɪn/
dine,cenar,"Every Sunday, our family likes to dine together and share stories.",2025-10-13T20:56:24.696Z,/ˈdaɪn/
panting,jadeando,The dog was panting after running around in the park.,2025-10-05T18:26:19.533Z,/ˈpæntɪŋ/
from here on out,de aquí en adelante,"From here on out, I will study every day to improve my grades.",2025-10-05T18:10:36.200Z,/ˈfɹʌm ˈhiɹ ˈɑn ˈaʊt/
well outrage!,¡Qué indignante!,Great metaphor but… well outrage!,2025-10-05T16:12:59.851Z,/ˈwɛl ˈaʊˌtɹeɪdʒ/
woozy,Mareado,"After spinning around on the merry-go-round, I felt really woozy.",2025-10-01T23:18:08.519Z,/ˈwuzi/
leverage,aprovechar,She decided to leverage her skills in marketing to get a better job.,2025-10-01T07:14:33.206Z,/ˈlɛvɚɪdʒ/
hesitate,dudar,I always hesitate before making a big decision.,2025-09-29T18:37:54.894Z,/ˈhɛzəˌteɪt/
alumni,antiguos alumnos,The alumni of the university meet every year for a reunion.,2025-09-27T23:13:40.286Z,/əˈlʌˌmnaɪ/
relatable,que te puedes identificar con él,The movie was so relatable; I felt like it was telling my own story.,2025-09-27T13:02:23.927Z,/ɹɪˈleɪtəbəl/
drip,goteo,The faucet has a constant drip that is very annoying.,2025-09-27T09:54:02.320Z,/ˈdɹɪp/
stodgy,aburrido,His presentation was quite stodgy and failed to engage the audience.,2025-09-27T06:30:30.578Z,/ˈstɑdʒi/
ruthless,despiadado,"In the movie, the villain was portrayed as a ruthless leader who cared only about power.",2025-09-27T06:20:40.403Z,/ˈɹuθləs/
harass,"acosar, molestar",He was harassed by his classmates at school.,2025-09-27T06:18:46.437Z,/hɚˈæs/
to be a bust,ser un fracaso,The party was a bust because hardly anyone showed up.,2025-09-26T05:03:44.395Z,/ˈtu ˈbi ə ˈbʌst/
to be carrying over,continúa,"The project deadline was extended, so we are carrying over our work to next week.",2025-09-22T21:46:00.531Z,/ˈtu ˈbi ˈkæɹiɪŋ ˈoʊvɚ/
bombshell,bombazo,The news of the company's closure was a real bombshell for the employees.,2025-09-22T10:27:26.639Z,/ˈbɑˌmʃɛl/
I will revel in it.,Lo disfrutaré.,"After finishing my project, I will revel in it by celebrating with my friends.",2025-09-21T14:14:43.944Z,/ˈaɪ ˈwɪl ˈɹɛvəl ɪn ˈɪt/
bleachers,gradas,The fans cheered loudly from the bleachers.,2025-09-21T05:32:22.014Z,/ˈblitʃɚz/
bargain,trato,I found a great bargain at the store.,2025-09-14T22:13:04.646Z,/ˈbɑɹɡən/
tit for tat,ojo por ojo,"When he played a prank on me, I decided to give him a tit for tat and played one back.",2025-09-14T00:53:24.933Z,/ˈtɪt ˈfɔɹ ˈtæt/
frisky,juguetón,The puppy was feeling frisky and ran around the yard.,2025-09-11T14:41:48.057Z,/ˈfɹɪski/
numb,entumecido,My fingers are numb from the cold.,2025-09-11T05:57:07.546Z,/ˈnʌm/
She is wearing me out with,Me está agotando con,She is wearing me out with all her questions about the project.,2025-09-11T05:55:17.796Z,/ˈʃi ˈɪz ˈwɛɹɪŋ ˈmi ˈaʊt ˈwɪð/
I'm in a mood.,Estoy de mal humor.,"I'm in a mood, so I might not want to talk much.",2025-09-11T05:54:00.195Z,/ˈaɪm ɪn ə ˈmud/
bruise,moretón,I got a bruise on my arm after I fell.,2025-09-09T21:38:39.601Z,/ˈbɹuz/
purse,bolso,I put my keys in my purse.,2025-09-09T11:39:10.727Z,/ˈpɝs/
fixture,accesorio,The light fixture in the kitchen needs to be replaced.,2025-09-09T05:23:59.161Z,/ˈfɪkstʃɚ/
hopscotch,rayuela,The children played hopscotch in the park after school.,2025-09-08T16:31:28.040Z,/ˈhɑˌpskɑtʃ/
grasp,sujetar,She tried to grasp the rope to pull herself up.,2025-09-08T12:31:30.335Z,/ˈɡɹæsp/
despise,despreciar,I despise lying.,2025-09-07T21:46:34.939Z,/dɪˈspaɪz/
chastise,castigar,The teacher had to chastise the students for talking during the lesson.,2025-09-07T07:52:34.588Z,/tʃæˈstaɪz/
duvet,funda Nordica,I bought a new duvet for my bed.,2025-09-07T07:47:14.147Z,/duˈveɪ/
acorn,bellota,The squirrel collected acorns for the winter.,2025-09-06T18:49:35.089Z,/ˈeɪkɔɹn/
moisture,humedad,"The air had a lot of moisture, making it feel sticky and warm.",2025-09-06T14:41:07.262Z,/ˈmɔɪstʃɚ/
summer fling,rollo de verano,"Last year, I had a summer fling with someone I met at the beach.",2025-09-05T06:20:08.060Z,/ˈsʌmɚ ˈflɪŋ/
not worth the hassle,no vale la pena,"After thinking about it, I decided that fixing the old car is not worth the hassle.",2025-09-05T06:17:35.200Z,/ˈnɑt ˈwɝθ ðə ˈhæsəl/
traits,rasgos/características,Her kindness and honesty are two of her best traits.,2025-09-03T08:22:13.131Z,/ˈtɹeɪts/
knack,habilidad,She has a knack for painting beautiful landscapes.,2025-09-03T08:20:29.956Z,/ˈnæk/
haunting,inquietante,She had a haunting feeling that something was not right in the old house.,2025-08-31T14:04:01.367Z,/ˈhɔntɪŋ/
soothe,tranquilizar,The mother tried to soothe her crying baby.,2025-08-27T21:26:45.985Z,/ˈsuð/
to be cheap,ser tacaño,He’s to cheap to buy a calendar for each new year.,2025-08-24T22:55:11.331Z,/ˈtu ˈbi ˈtʃip/
philanderer,mujeriego,"Everyone warned her that he was a philanderer, but she didn't listen.",2025-08-23T07:36:10.977Z,/fəˈlæˌndɛɹɚ/
giddy,mareado,"After riding the roller coaster, I felt giddy and couldn't stop laughing.",2025-08-20T22:17:45.516Z,/ˈɡɪdi/
it boggles me,Me desconcierta,It boggles me how quickly technology changes.,2025-08-20T06:27:27.050Z,/ˈɪt ˈbɑɡəlz ˈmi/
soaked,empapado,The children were soaked after playing in the rain.,2025-08-19T22:32:03.710Z,/ˈsoʊkt/
braid,trenza,I love to braid my hair before going out.,2025-08-17T17:48:41.526Z,/ˈbɹeɪd/
soundly,profundamente,The baby slept soundly through the night.,2025-08-17T14:25:51.715Z,/ˈsaʊndli/
outrage,Indignacion,The decision to cut funding for schools caused public outrage.,2025-08-17T10:14:24.199Z,/ˈaʊˌtɹeɪdʒ/
jinx,gafe,"Every time I wear this shirt, I lose the game. I think it’s a jinx!",2025-08-16T09:01:04.707Z,/ˈdʒɪŋks/
berk,imbécil,"Don't be such a berk, just ask for help if you need it!",2025-08-16T08:16:18.916Z,/ˈbɝk/
begging,mendicidad,She was begging her parents for a puppy.,2025-08-15T09:23:13.081Z,/ˈbɛɡɪŋ/
booger,mocos,I found a booger on my finger after I picked my nose.,2025-08-15T09:14:18.760Z,/ˈbuɡɚ/
bold,"valiente, atrevido",She made a bold decision to travel alone.,2025-08-14T20:32:18.782Z,/ˈboʊld/
perks,ventajas,The company offers great perks like free lunch and health insurance.,2025-08-14T20:06:24.836Z,/ˈpɝks/
rough,"áspero, difícil",The sea was rough during the storm.,2025-08-14T20:02:50.190Z,/ˈɹʌf/
edible,comestible,"The mushrooms in the garden are edible, but some are poisonous.",2025-08-12T19:14:28.388Z,/ˈɛdəbəl/
greedy,codicioso,The greedy child took all the cookies from the jar without sharing.,2025-08-12T13:02:44.352Z,/ˈɡɹidi/
I can tell,Se nota,You are still happy from it. I can tell.,2025-08-12T12:25:05.755Z,/ˈaɪ ˈkæn ˈtɛl/
crave,desear,"After a long day, I crave a relaxing bath.",2025-08-11T20:02:55.039Z,/ˈkɹeɪv/
baiting,provocar,He was baiting his friend by hiding his favorite toy.,2025-08-10T07:21:35.054Z,/ˈbeɪtɪŋ/
I can't take it anymore.,No aguanto más.,"After working long hours every day, she finally said, ""I can't take it anymore.",2025-08-09T21:31:39.205Z,/ˈaɪ ˈkænt ˈteɪk ˈɪt ˌɛniˈmɔɹ/
nibbling,mordisqueando,She was nibbling on some cheese while watching the movie.,2025-08-09T21:30:14.579Z,/ˈnɪbəlɪŋ/
kneel,arrodillarse,"During the ceremony, everyone was asked to kneel.",2025-08-09T21:27:45.000Z,/ˈnil/
banter,chachara,They always engage in friendly banter during lunch.,2025-08-09T05:41:23.283Z,/ˈbæntɚ/
hijacking,secuestrar,The plane was hijacked by a group of individuals demanding a ransom.,2025-08-08T21:39:43.282Z,/ˈhaɪˌdʒækɪŋ/
venting,desahogarse,"After a long day at work, I called my friend to do some venting about my stressful day.",2025-08-08T21:37:45.426Z,/ˈvɛntɪŋ/
smug,arrogante,"After winning the game, he had a smug look on his face that annoyed everyone.",2025-08-08T16:21:46.257Z,/ˈsmʌɡ/
hustle,ajetreado,Another sleepless night tonight and tomorrow is another hustle day for work,2025-08-07T05:17:14.489Z,/ˈhʌsəl/
slippery,resbaladizo,The floor is slippery after the rain.,2025-08-07T05:13:10.206Z,/ˈslɪpɚi/
binger,bombazo,When you are about to leave the club and the Dj drops a binger..,2025-08-06T06:13:44.205Z,/ˈbɪŋɚ/
thigh,muslo,The dress fits perfectly around my thighs.,2025-08-06T03:53:24.277Z,/ˈθaɪ/
hurdle,obstáculo,She trained hard to overcome every hurdle in her path.,2025-08-05T12:33:12.015Z,/ˈhɝdəl/
reminiscing,recordar viejos tiempos,"As they sat by the fire, they began reminiscing about their school days.",2025-08-05T10:45:21.999Z,/ˌɹɛməˈnɪsɪŋ/
bribe,soborno,He was caught trying to bribe the official.,2025-08-04T05:15:39.651Z,/ˈbɹaɪb/
pageant,concurso,The annual beauty pageant was held in the city center.,2025-08-04T05:07:50.985Z,/ˈpædʒənt/
quips,bromas,My third pregnancy was cause for a lot of quips and comments from him and his family.,2025-08-04T04:58:27.921Z,/ˈkwɪps/
treat,capricho,I’m debating my treat this weekend for myself.,2025-08-01T05:14:29.237Z,/ˈtɹit/
malarkey,chorradas,Don't listen to his excuses; it's all just malarkey.,2025-07-28T13:40:44.788Z,/məˈlɑɹki/
tingly,hormigueo,"When she held his hand, a tingly feeling spread through her body.",2025-07-27T09:10:19.376Z,/ˈtɪŋɡli/
filth,inmundicia,The floor was covered in filth after the party.,2025-07-24T16:29:26.895Z,/ˈfɪlθ/
lady-killer,rompecorazones,Everyone knows that Jake is a real lady-killer; he has a new girlfriend every month!,2025-07-24T14:40:37.548Z,/ˈleɪdi ˌkɪlɚ/
womanizer,mujeriego,"Everyone knows he is a womanizer, always chasing after different girls.",2025-07-24T14:31:53.466Z,/ˈwʊməˌnaɪzɚ/
fitful,irregular,The child's fitful sleep made it hard for her to wake up in the morning.,2025-07-24T13:25:12.806Z,/ˈfɪtfəl/
ordeal,terrible experiencia,The family described the fire as an ordeal that changed their lives forever.,2025-07-21T21:40:56.151Z,/ɔˈɹdil/
He is in disguise,Está disfrazado,The detective was in disguise to catch the thief.,2025-07-20T10:40:02.054Z,/ˈhi ˈɪz ɪn dɪˈsɡaɪz/
swoon,extasiarse,"When she saw her favorite singer, she couldn't help but swoon with excitement.",2025-07-20T10:12:17.780Z,/ˈswun/
smart aleck,sabelotodo,Stop being such a smart aleck and just listen to the instructions.,2025-07-18T13:55:20.709Z,/ˈsmɑɹt ˈælək/
"you are not into yoga, aren't you?","no te gusta el yoga, ¿verdad?",,2025-07-18T13:54:44.926Z,/ˈju ˈɑɹ ˈnɑt ˈɪntu ˈjoʊɡə ˈɑɹənt ˈju/
hot mess,desastre,I'm a hot mess right now but it will get better!,2025-07-18T13:53:16.546Z,/ˈhɑt ˈmɛs/
I'm onto you!,¡Te tengo calado!,"She thought she could sneak out without me noticing, but I told her, ""I'm onto you!",2025-07-16T20:19:25.855Z,/ˈaɪm ˈɑntu ˈju/
wits,ingenio,She used her wits to solve the puzzle.,2025-07-12T17:41:12.530Z,/ˈwɪts/
pissed,cabreado,She was really pissed when she found out someone took her lunch.,2025-07-08T22:31:52.190Z,/ˈpɪst/
hoodwink,engañar,She felt embarrassed after realizing that her friend had hoodwinked her into believing a false story.,2025-07-08T21:25:12.017Z,/ˈhʊˌdwɪŋk/
dye,teñir,She decided to dye her hair a bright red color.,2025-07-04T04:32:26.096Z,/ˈdaɪ/
hourglass,reloj de arena,The teacher used an hourglass to time the students' presentations.,2025-07-04T04:28:47.188Z,/ˈaʊɚˌɡlæs/
flattered,halagado,I was flattered by her kind words.,2025-07-04T04:26:18.574Z,/ˈflætɚd/
is on the fritz.,está estropeado.,"The coffee maker is on the fritz, so I can't make my morning coffee.",2025-06-25T05:07:08.054Z,/ˈɪz ˈɑn ðə ˈfɹɪts/
Bear with me.,Ten paciencia conmigo.,Please bear with me; I’m almost done with the presentation.,2025-06-24T17:03:27.697Z,/ˈbɛɹ ˈwɪð ˈmi/
Ick!,¡Qué asco!,Ick! This smell is terrible!,2025-06-24T16:50:35.233Z,/ɪk/
hang in there,ten paciencia,"Hang in there, you are wearing me down.",2025-06-23T15:29:58.051Z,/ˈhæŋ ɪn ˈðɛɹ/
dodge,esquivar,She dodged the question about her plans.,2025-06-23T13:17:30.840Z,/ˈdɑdʒ/
slams,golpear,The child slams the door when he is angry.,2025-06-22T17:15:40.220Z,/ˈslæmz/
impish,"pícaro, travieso",He had an impish sense of humor that always caught his friends off guard.,2025-06-22T11:50:53.766Z,/ˈɪmpɪʃ/
Smart ass,Listillo,Don't be such a smart ass; not everyone finds your jokes funny.,2025-06-22T11:24:21.003Z,/ˈsmɑɹt ˈæs/
just so you know.,para que lo sepas.,"I wanted to tell you, just so you know, that the store is closed today.",2025-06-22T08:16:08.586Z,/ˈdʒʌst ˈsoʊ ˈju ˈnoʊ/
Needless,No ser necesario,The meeting was needless because we already had all the information.,2025-06-20T05:15:42.825Z,/ˈnidləs/
deserve,merecer,You deserve a reward for your hard work.,2025-06-20T05:14:38.736Z,/dɪˈzɝv/
fulfilling,satisfactorio,This job is very fulfilling.,2025-06-20T05:12:44.820Z,/fʊˈlfɪlɪŋ/
sneaky,astuto,They would have to be one sneaky little human *ehem looking at you* to get this out of me face-to-face.,2025-06-19T06:29:18.131Z,/ˈsniki/
sliver,"astilla, fragmento",She cut a sliver of cake for her friend.,2025-06-19T06:26:44.419Z,/ˈslɪvɚ/
farthest,más lejano,The farthest star in the sky is hard to see without a telescope.,2025-06-19T06:24:36.325Z,/ˈfɑɹðəst/
god forbid,Dios no lo quiera,"If he gets sick, god forbid, we will have to cancel the trip.",2025-06-19T06:22:51.133Z,/ˈɡɑd fɚˈbɪd/
neat,ordenado,This room is very neat.,2025-06-18T05:18:30.831Z,/ˈnit/
blatantly,descaradamente,He blatantly ignored the rules during the game.,2025-06-18T05:08:51.127Z,/ˈbleɪtəntli/
come up with,proponer,She came up with a solution to the problem.,2025-06-18T05:04:15.437Z,/ˈkʌm ˈʌp ˈwɪð/
demise,desaparición,The sudden demise of the famous actor shocked everyone.,2025-06-18T05:03:50.763Z,/dɪˈmaɪz/
gladly,con mucho gusto,I will gladly help you with your homework.,2025-06-18T05:01:12.622Z,/ˈɡlædli/
knee-jerk reaction,acto reflejo,His knee jerk reaction was to say no before even thinking about it.,2025-06-18T04:54:57.758Z,/ˈni dʒɝk ɹiˈækʃən/
overkill,Exageración,Using a bulldozer to clear a small pile of leaves is definitely overkill.,2025-06-17T05:07:57.907Z,/ˈoʊvɚˌkɪl/
outburst,estallido,His outburst of anger made it clear that he was very upset about the situation.,2025-06-17T05:07:16.130Z,/ˈaʊˌtbɝst/
temper,mal genio,"I hate my temper, 🤬 I work so hard at suppressing it.",2025-06-17T05:06:21.589Z,/ˈtɛmpɚ/
lost my temper,perdí los estribos,"When I saw the mess in my room, I lost my temper and shouted at my brother.",2025-06-17T05:03:53.268Z,/ˈlɔst ˈmaɪ ˈtɛmpɚ/
simmering,cocinando a fuego lento,"The soup is simmering on the stove, filling the kitchen with a delicious aroma.",2025-06-17T05:01:54.851Z,/ˈsɪmɚɪŋ/
Fucking dammit,Maldita sea.,"Fucking dammit, please be AI generated!",2025-06-17T04:57:57.242Z,/ˈfʌkɪŋ ˈdæmɪt/
I'm scared shitless,Estoy cagado de miedo,I'm scared shitless that I will make myself small again.,2025-06-17T04:54:54.030Z,/aɪm skɛɹd ˈʃɪtləs/
Well damn,Maldita sea.,"Well damn, I didn't see that coming!",2025-06-16T19:43:19.509Z,/ˈwɛl ˈdæm/
stifled,asfixiado,She felt stifled in her job because she couldn't share her ideas.,2025-06-16T04:37:29.814Z,/ˈstaɪfəld/
teasing,"burlar, provocar",She was teasing her brother about his new haircut.,2025-06-16T04:34:06.774Z,/ˈtizɪŋ/
I swear,Lo juro,I swear I saw a shooting star last night.,2025-06-15T05:07:00.384Z,/ˈaɪ ˈswɛɹ/
Duly Noted,Tomo nota,"He smiled and said, ""Duly noted, I will make sure to improve my report next time.",2025-06-15T05:06:28.753Z,/ˈduli ˈnoʊtəd/
placating voice,voz tranquilizadora,She spoke in a placating voice to calm the frightened child.,2025-06-14T09:53:44.996Z,/ˈpleɪˌkeɪtɪŋ ˈvɔɪs/
chewy,chicloso,The steak was too chewy for my taste.,2025-06-14T07:31:34.915Z,/ˈtʃui/
trashy,basura,The movie was so trashy that I couldn't finish watching it.,2025-06-14T07:29:15.121Z,/ˈtɹæʃi/
stubbornness,cabezonería,Her stubbornness made it difficult for her to accept help from others.,2025-06-14T07:27:49.546Z,/ˈstʌbɚnnəs/
snarky,sarcástico,He has a snarky sense of humor that can be entertaining but sometimes goes too far.,2025-06-11T05:33:21.118Z,/ˈsnɑɹki/
overly,demasiado,She is overly excited about the party.,2025-06-11T05:32:55.002Z,/ˈoʊvɚli/
I'm pretty high right now.,Estoy bastante colocado ahora mismo.,,2025-06-11T05:26:13.615Z,/ˈaɪm ˈpɹɪti ˈhaɪ ˈɹaɪt ˈnaʊ/
My mind is made up.,Ya lo he decidido.,"After thinking for a long time, my mind is made up about which school to attend.",2025-06-11T05:23:25.728Z,/ˈmaɪ ˈmaɪnd ˈɪz ˈmeɪd ˈʌp/
delightful,encantador,She has a delightful smile.,2025-06-11T05:20:03.153Z,/dɪˈlaɪtfəl/
cave,"ceder, cueva","Yes of course I will cave, I ALWAYS cave!",2025-06-11T05:17:35.920Z,/ˈkeɪv/
buddy,amigo,"Hey buddy, do you want to play soccer with me?",2025-06-11T05:16:20.784Z,/ˈbʌdi/
blackmail,chantaje,He was a victim of blackmail when someone threatened to share his secrets.,2025-06-11T05:15:59.153Z,/ˈblæˌkmeɪl/
choke,atragantar,I almost choked on my food.,2025-06-11T05:15:37.439Z,/ˈtʃoʊk/
fuck off,Vete a la mierda,"After the argument, he told her to fuck off.",2025-06-11T05:15:08.732Z,/ˈfʌk ˈɔf/
If anything,si me apuras,"She didn't seem upset; if anything, she looked happy.",2025-06-10T04:34:10.678Z,/ˈɪf ˈɛniˌθɪŋ/
tickle,hacer cosquillas,I love to tickle my little brother.,2025-06-09T05:09:14.090Z,/ˈtɪkəl/
tingle,hormigueo,I felt a tingle down my spine when I heard the news.,2025-06-09T05:08:38.199Z,/ˈtɪŋɡəl/
jesting,bromeando,"During the party, they were jesting and making everyone laugh.",2025-06-09T05:01:50.020Z,/ˈdʒɛstɪŋ/
I can't help it.,No puedo evitarlo.,"Whenever I see a cute puppy, I can't help it; I just have to pet it!",2025-06-07T06:05:32.419Z,/ˈaɪ ˈkænt ˈhɛlp ˈɪt/
hold on,espera,"Hold on a second, I need to grab my jacket.",2025-06-06T17:22:54.977Z,/ˈhoʊld ˈɑn/
play along,seguir el juego,"Even though I didn't agree with the plan, I decided to play along to keep the peace.",2025-06-06T06:25:27.717Z,/ˈpleɪ əˈlɔŋ/
nosy,entrometido,My daughter has become nosy and figured out I'm writing someone. I tell her nothing!  Nosy teenager!,2025-06-06T04:16:43.718Z,/ˈnoʊzi/
threaten,amenazar,He threatened to tell the teacher.,2025-06-05T06:12:35.801Z,/ˈθɹɛtən/
under my breath,en voz baja,I sing under my breath when I'm stressed too.,2025-06-03T23:06:26.526Z,/ˈʌndɚ ˈmaɪ ˈbɹɛθ/
outgrew,"dejar atrás, superar",He outgrew his toys and donated them to younger kids.,2025-06-03T05:24:26.591Z,/ˌaʊˈtɡɹu/
whirlwind,torbellino,Her life became a whirlwind of activities after she started her new job.,2025-06-02T18:38:51.391Z,/ˈwɝˌlwɪnd/
sorrow,tristeza,her sorrow with just a glance and suggested that she take a chance on her passion for painting.,2025-05-30T06:03:22.711Z,/ˈsɑɹoʊ/
engage,"comprometer, entablar",We need to engage with our community to understand their needs.,2025-05-26T05:10:34.952Z,/ɛˈnɡeɪdʒ/
Taking chances,Correr riesgos,"Sometimes, taking chances can lead to great rewards.",2025-05-26T05:05:39.923Z,/ˈteɪkɪŋ ˈtʃænsəz/
so to speak,por así decirlo,"He’s the king of the office, so to speak.",2025-05-25T01:08:06.806Z,/ˈsoʊ ˈtu ˈspik/
smirking,sonriendo burlonamente,The teacher noticed the student smirking during the lesson and asked him to share his thoughts.,2025-05-25T00:48:23.628Z,/ˈsmɝkɪŋ/
nailed it,lo clavó,"After practicing for weeks, she nailed it during her dance performance.",2025-05-14T05:28:33.645Z,/ˈneɪld ˈɪt/
imp,diablillo,"The imp, despite the sorcerer's furious glare, simply laughed, making the old man",2025-05-14T05:17:50.138Z,/ˈɪmp/
hummingbird,colibrí,"The hummingbird hovered near the bright red flower, sipping nectar.",2025-05-12T05:30:00.094Z,/ˈhʌmɪˌŋbɝd/
stutter,tartamudear,He tends to stutter when he is nervous.,2025-05-12T05:24:41.841Z,/ˈstʌtɚ/
dread,temer,I dread going to the dentist.,2025-05-12T05:21:55.024Z,/ˈdɹɛd/
faint,"desmayarse, leve",The light was so faint that I could barely see.,2025-05-10T10:24:53.062Z,/ˈfeɪnt/
regardless,a pesar de,"She decided to go for a walk, regardless of the rain.",2025-05-10T10:23:53.712Z,/ɹəˈɡɑɹdləs/
overturned,volcado,The strong wind overturned the small boat on the lake.,2025-05-10T10:19:09.323Z,/ˈoʊvɚˌtɝnd/
sweep,barrer,I need to sweep the floor before the guests arrive.,2025-05-10T10:18:18.126Z,/ˈswip/
crippled,lisiado,The accident left him crippled for life.,2025-05-10T10:16:33.938Z,/ˈkɹɪpəld/
flashy,llamativo,"The dress she wore to the party was beautiful but understated, making her look elegant without being too flashy.",2025-05-07T13:41:39.122Z,/ˈflæʃi/
outrageously,escandalosamente,The prices at that restaurant are outrageously high for the quality of food they serve.,2025-05-05T05:36:39.237Z,/ˌaʊˈtɹeɪdʒəsli/
blush,sonrojar,She began to blush when he complimented her dress.,2025-05-05T05:35:57.971Z,/ˈblʌʃ/
disingenuous,falso,"She gave a disingenuous smile, hiding her true feelings about the situation.",2025-05-05T05:13:52.675Z,/dɪsɪˈndʒɛnjuəs/
reek,apesta,The garbage reeks after being left out for a week.,2025-05-05T05:12:34.231Z,/ˈɹik/
spite,"rencor, hacer daño",She refused to help him out of spite.,2025-05-05T05:11:51.356Z,/ˈspaɪt/
bitterness,amargura,The bitterness of the coffee made it hard to drink.,2025-05-05T05:11:12.852Z,/ˈbɪtɚnəs/
to be aware,ser consciente,She is aware of the importance of studying.,2025-05-05T05:02:04.510Z,/ˈtu ˈbi əˈwɛɹ/
innuendos,insinuaciones,"She made an innuendo about his cooking skills, suggesting they weren't very good.",2025-05-05T04:52:55.755Z,/ˌɪnjuˈɛndoʊz/
In truth,En verdad,"In truth, I didn't enjoy the movie as much as I thought I would.",2025-05-05T04:52:27.108Z,/ɪn ˈtɹuθ/
to take the joke at face value,tomarse el chiste al pie de la letra,"Even though the comedian's joke was sarcastic, many in the audience took it at face value and thought he was being serious.",2025-05-05T04:50:54.497Z,/ˈtu ˈteɪk ðə ˈdʒoʊk ˈæt ˈfeɪs ˈvælju/
chuckled,rió entre dientes,She chuckled at the funny joke.,2025-05-05T04:48:04.556Z,/ˈtʃʌkəld/
out of the side of their eyes,por el rabillo del ojo,He saw his friend waving at him out of the side of his eyes while he was talking to someone else.,2025-05-05T04:43:03.231Z,/ˈaʊt ˈʌv ðə ˈsaɪd ˈʌv ˈðɛɹ ˈaɪz/
utter,"pronunciar, total",She didn't utter a word during the meeting.I think it's a complete and utter mind fuck.,2025-05-04T21:49:46.729Z,/ˈʌtɚ/
deceptive,engañoso,The advertisement was deceptive and did not show the real product.,2025-05-04T21:48:59.918Z,/dɪˈsɛptɪv/
sigh,suspiro,She let out a sigh of relief when she finished the exam.,2025-05-04T08:39:53.441Z,/ˈsaɪ/
dare,atrevimiento,She didn't dare to tell him the truth.,2025-05-04T08:38:38.668Z,/ˈdɛɹ/
wipe,limpiar,I need to wipe the table before dinner.,2025-05-04T05:50:36.116Z,/ˈwaɪp/
tight,"apretado, ajustado",She wore a tight dress that showed off her figure.,2025-05-04T05:46:32.289Z,/ˈtaɪt/
fist,puño,She made a fist to show she was angry.,2025-05-04T05:45:27.155Z,/ˈfɪst/
be quarreling,estar discutiendo,She already knew that his brother must be quarreling with his mother about not going to school.,2025-05-04T05:38:54.324Z,/ˈbi ˈkwɑɹəlɪŋ/
greatly,enormemente,She was greatly affected by the news.,2025-05-03T20:52:55.067Z,/ˈɡɹeɪtli/
ponder,reflexionar,I need to ponder over this decision before I make it.,2025-05-03T20:52:30.717Z,/ˈpɑndɚ/
fumble,"buscar a tientas, cometer errores",She fumbled with her keys while trying to unlock the door.,2025-05-03T20:34:58.722Z,/ˈfʌmbəl/
disguise,"disfrazar, ocultar",He tried to disguise his voice on the phone.,2025-05-03T07:34:31.223Z,/dɪˈsɡaɪz/
slippery slope,pendiente resbaladiza,"Once you start skipping your homework, it can be a slippery slope to failing the class.",2025-05-03T07:24:02.206Z,/ˈslɪpɚi ˈsloʊp/
stands for,significa,The heart symbol stands for love and affection.,2025-05-03T07:22:51.466Z,/ˈstændz ˈfɔɹ/
grinder,trituradora,She bought a spice grinder to prepare her favorite dishes.,2025-05-03T07:21:19.651Z,/ˈɡɹaɪndɚ/
understated,discreto,"The dress she wore to the party was beautiful but understated, making her look elegant without being too flashy.",2025-05-03T07:19:23.660Z,/ˈʌndɚˌsteɪtɪd/
subtle,sutil,There was a subtle hint of sarcasm in her voice.,2025-05-03T07:19:11.529Z,/ˈsʌtəl/
gibberish,galimatías,"When he started talking about quantum physics, it sounded like gibberish to me.",2025-05-03T07:06:52.252Z,/ˈɡɪbɚɪʃ/
nimble,ágil,"The cat was nimble, easily jumping from one rooftop to another.",2025-05-03T06:57:54.460Z,/ˈnɪmbəl/
overcome,superar,She worked hard to overcome her fear of speaking in public.,2025-05-02T11:08:54.254Z,/ˈoʊvɚˌkʌm/
meaningful,significativo,We had a meaningful conversation about our future.,2025-05-02T08:57:49.507Z,/ˈminɪŋfəl/
eager,"impaciente, deseoso",I am eager to learn new things in school.,2025-05-02T08:57:22.018Z,/ˈiɡɚ/
sow,sembrar,We need to sow the seeds before the rain comes.,2025-05-02T07:43:13.927Z,/ˈsaʊ/
pantry,despensa,The pantry is stocked with all kinds of snacks for the kids.,2025-05-01T09:42:57.969Z,/ˈpæntɹi/
grudges,rencores,It's not healthy to keep grudges; it's better to forgive and move on.,2025-04-30T17:02:50.696Z,/ˈɡɹʌdʒɪz/
relentlessly,incansablemente,"She trained relentlessly for the marathon, pushing herself every day.",2025-04-30T17:00:08.383Z,/ɹɪˈlɛntləsli/
dizzying,vertiginoso,The dizzying speed of the roller coaster made everyone scream with excitement.,2025-04-27T11:24:26.807Z,/ˈdɪziɪŋ/
I wish it was the weekend.,Ojalá fuera el fin de semana.,,2025-04-25T04:50:35.102Z,/ˈaɪ ˈwɪʃ ˈɪt ˈwɑz ðə ˈwiˌkɛnd/
I wish I knew.,Ojalá lo supiera.,,2025-04-25T04:50:20.328Z,/ˈaɪ ˈwɪʃ ˈaɪ ˈnu/
burst,estallido,The balloon will burst if you blow it up too much.,2025-04-25T04:38:02.347Z,/ˈbɝst/
wallow,revolcarse por,"When you’re feeling down, you may wallow in your negativity.",2025-04-25T04:34:08.099Z,/ˈwɑloʊ/
overwhelms,abrumar,"This bad habit overwhelms your brain, splits your attention, and decreases your performance.",2025-04-20T07:51:33.594Z,/ˌoʊvɚˈwɛlmz/
diminishing,disminuyendo,"But instead of making yourself more productive, you’re creating extra stress and diminishing the quality of your work.",2025-04-20T07:51:18.142Z,/dɪˈmɪnɪʃɪŋ/
countless,incontable,"When your day feels busy and chaotic, you make the same mistake as countless other people.",2025-04-20T07:50:52.600Z,/ˈkaʊntləs/
uplifting,inspirador,"If fiction isn’t your favorite, non-fiction can be equally uplifting.",2025-04-20T07:49:30.588Z,/ˈʌˌplɪftɪŋ/
unravel,"Desenmarañar, resolver","As he read the book, he began to unravel the complex ideas the author presented.",2025-04-20T07:48:31.583Z,/əˈnɹævəl/
compelling,persuasivo,She gave a compelling argument for why we should support the project.,2025-04-20T07:46:11.327Z,/kəˈmpɛlɪŋ/
all mod cons,todas las comodidades,"The apartment has all mod cons, including a smart TV and a fully equipped kitchen.",2025-04-18T18:36:20.318Z,/ˈɔl ˈmɔd ˈkɑnz/
to feel like,tener ganas de,I don't feel like it.,2025-04-18T07:02:25.087Z,/ˈtu ˈfil ˈlaɪk/
as much as,tanto como,She loves curry as much as I do.,2025-04-18T07:01:38.858Z,/ˈæz ˈmʌtʃ ˈæz/
What should I wear?,¿Qué me pongo?,,2025-04-18T07:00:45.446Z,/ˈwʌt ˈʃʊd ˈaɪ ˈwɛɹ/
outgoing,extrovertido,She is very outgoing and loves to meet new people.,2025-04-15T06:22:41.048Z,/ˈaʊˌtɡoʊɪŋ/
coup,golpe de estado,"After the coup, the country faced a lot of instability.",2025-04-14T22:50:02.995Z,/ˈku/
none the less,no obstante,"She was tired; none the less, she finished her homework.",2025-04-13T21:59:17.321Z,/ˈnʌn ðə ˈlɛs/
pointless,sin sentido,"The whole mission was completely pointless, yet he was determined.",2025-04-11T08:11:36.054Z,/ˈpɔɪntləs/
tummy,barriguita,This diet gave him a tummy-ache and a beastly temper.,2025-04-10T05:11:42.927Z,/ˈtʌmi/
dwarf,enano,He was a kind of pot-bellied dwarf.,2025-04-10T05:10:22.846Z,/ˈdwɔɹf/
stroke,caricia,She gave the cat a gentle stroke.,2025-04-09T21:26:10.284Z,/ˈstɹoʊk/
nuances,matices,The artist captured the nuances of light in her painting.,2025-04-07T04:38:11.647Z,/ˈnuɑnsɪz/
to give a shit,que te importe una mierda,They didn't give a shit.,2025-04-07T04:35:28.786Z,/ˈtu ˈɡɪv ə ˈʃɪt/
supper,cena,We usually have supper at 7 PM.,2025-04-07T04:30:37.883Z,/ˈsʌpɚ/
come by,"conseguir, visitar",How did you come by this information?,2025-04-06T18:59:22.079Z,/ˈkʌm ˈbaɪ/
buy up,comprar todo,"During the sale, many people rushed to buy up the discounted items before they ran out.",2025-04-05T20:16:52.362Z,/ˈbaɪ ˈʌp/
pretend,fingir,He pretended to be sick to avoid going to school.,2025-04-03T01:28:35.553Z,/pɹiˈtɛnd/
have time on your hands,tener tiempo libre,"Since I finished my homework early, I have time on my hands to read my favorite book.",2025-04-02T20:32:28.117Z,/ˈhæv ˈtaɪm ˈɑn ˈjɔɹ ˈhændz/
catch up,ponerse al día,Let's order and catch up.,2025-04-01T22:03:38.886Z,/ˈkætʃ ˈʌp/
make up,inventar,She decided to make up a story about a magical land.,2025-04-01T08:14:38.596Z,/ˈmeɪk ˈʌp/
grumpy,gruñón,It turned into a grumpy toddler who started,2025-03-31T19:30:29.602Z,/ˈɡɹʌmpi/
hover,rondar,The drone can hover in one place for a long time.,2025-03-31T18:49:54.419Z,/ˈhʌvɚ/
withdraw,retirar,I need to withdraw some money from the bank.,2025-03-30T22:26:47.543Z,/wɪˈðdɹɔ/
stunning,"impresionante, aturdido",The sunset over the ocean was absolutely stunning.,2025-03-30T06:38:43.152Z,/ˈstʌnɪŋ/
undergo,someterse,The patient will undergo surgery next week.,2025-03-30T06:36:59.970Z,/ˌʌndɚˈɡoʊ/
slope,Pendiente,The slope of the hill was steep.,2025-03-30T06:32:37.441Z,/ˈsloʊp/
droves,manada,"During the festival, people came in droves to enjoy the celebrations.",2025-03-30T06:30:44.297Z,/ˈdɹoʊvz/
nasty,desagradable,The food was so nasty that I couldn't eat it.,2025-03-30T06:13:46.724Z,/ˈnæsti/
to look forward to,esperar con ansias,I am looking forward to seeing you.,2025-03-30T06:12:26.353Z,/ˈtu ˈlʊk ˈfɔɹwɚd ˈtu/
by all means,por supuesto,Can I borrow your car? - By all means!,2025-03-30T06:11:10.865Z,/ˈbaɪ ˈɔl ˈminz/
by chance,por casualidad,I heard their secrets by chance.,2025-03-30T06:10:56.907Z,/ˈbaɪ ˈtʃæns/
shocking,impactante,I heard the shocking news.,2025-03-30T06:09:21.997Z,/ˈʃɑkɪŋ/
keen on,aficionado a,He is not keen on watching horror movies.,2025-03-28T22:29:47.912Z,/ˈkin ˈɑn/
reckless,imprudente,They made a reckless decision without considering the risks.,2025-03-26T23:14:55.726Z,/ˈɹɛkləs/
Friggin huzzah!,"¡Joder, qué alegría!","After finishing the big project, she shouted, ""Friggin huzzah!",2025-03-26T18:26:44.046Z,/ˈfɹɪɡɪn həˈzɑ/
look into,investigar,Can you look into why the website is not working?,2025-03-25T20:04:07.176Z,/ˈlʊk ˈɪntu/
leap,salto,"Inspired, Jack took a leap of faith and quit his job right away, ready to chase the life he always wanted.",2025-03-25T06:11:06.995Z,/ˈlip/
How come..?,¿Cómo es que...?,How come I can't find any broccoli?,2025-03-24T18:56:57.716Z,/ˈhaʊ ˈkʌm/
sobbing,sollozando,She was sobbing quietly in the corner.,2025-03-24T14:28:52.280Z,/ˈsɑbɪŋ/
lay off,despedir,The company had to lay off several employees due to budget cuts.,2025-03-21T19:40:46.695Z,/ˈleɪ ˈɔf/
no rhyme or reason,sin ton ni son,"Her decision to quit the job seemed to have no rhyme or reason, leaving everyone puzzled.",2025-03-21T07:34:09.466Z,/ˈnoʊ ˈɹaɪm ˈɔɹ ˈɹizən/
fluffy,esponjoso,I love fluffy pancakes for breakfast.,2025-03-21T06:26:31.613Z,/ˈflʌfi/
appealing,atractivo,She wore an appealing dress that everyone admired.,2025-03-19T05:48:24.849Z,/əˈpilɪŋ/
frowned upon,mal visto,Arriving late to meetings is usually frowned upon in the workplace.,2025-03-19T05:45:10.037Z,/ˈfɹaʊnd əˈpɑn/
aching,dolor,"After running for an hour, my legs were aching.",2025-03-18T06:11:55.249Z,/ˈeɪkɪŋ/
looting,saqueo,"The store was closed during the storm, and some people took advantage of the situation by looting it.",2025-03-17T22:50:42.314Z,/ˈlutɪŋ/
disclose,revelar,The company decided to disclose its financial results to the public.,2025-03-17T13:16:24.821Z,/dɪˈskloʊz/
scramble,revolver,He tried to scramble the letters to make a new word.,2025-03-15T12:06:41.082Z,/ˈskɹæmbəl/
stink,apesta,The garbage stinks.,2025-03-15T12:01:13.696Z,/ˈstɪŋk/
what the heck,¿Qué diablos...?,I just found out that my favorite show is canceled. What the heck?,2025-03-15T11:59:52.192Z,/ˈwʌt ðə ˈhɛk/
dork,idiota,He is such a dork for loving comic books.,2025-03-15T11:53:42.281Z,/dɔɹk/
by the way,por cierto,"We had a great time at the party. By the way, I saw your friend there.",2025-03-15T11:48:27.085Z,/ˈbaɪ ðə ˈweɪ/
figured,"imaginar, suponer",She figured that he would come to the party.,2025-03-15T11:46:51.795Z,/ˈfɪɡjɚd/
runt,enano,"Don't worry, being a runt just means you're unique!",2025-03-15T11:36:58.779Z,/ɹʌnt/
right away,de inmediato,Please call me right away.,2025-03-15T11:28:56.241Z,/ˈɹaɪt əˈweɪ/
sissy,blandengue,Don't be such a sissy; try climbing that tree!,2025-03-15T11:27:38.477Z,/ˈsɪsi/
jerk,imbécil,He is such a jerk for not helping his friends.,2025-03-15T11:20:59.867Z,/ˈdʒɝk/
follow your nose,sigue tu olfato,"When you get lost in the city, just follow your nose and you might find something interesting.",2025-03-13T19:20:23.889Z,/ˈfɑloʊ ˈjɔɹ ˈnoʊz/
shallow,poco profundo,"The lake is very shallow, so we can walk across it.",2025-03-12T20:48:14.221Z,/ˈʃæloʊ/
go off,explotar,The bomb went off in the busiest part of the town.,2025-03-11T19:24:35.412Z,/ˈɡoʊ ˈɔf/
foil,frustrar,The witch's evil plan was foiled.,2025-03-11T06:08:14.933Z,/ˈfɔɪl/
whining,gimoteo,The child was whining because he wanted a toy.,2025-03-11T05:34:37.081Z,/ˈwaɪnɪŋ/
goose bumps,piel de gallina,The music was so beautiful that it gave me goose bumps.,2025-03-10T19:51:00.497Z,/ˈɡus ˈbʌmps/
With a heavy heart,Con el corazón encogido,"With a heavy heart, she confronted him in the grand hall.",2025-03-10T19:23:10.125Z,/ˈwɪð ə ˈhɛvi ˈhɑɹt/
fate,destino,"One day, she decided to return, ready to face her fate.",2025-03-10T19:20:45.865Z,/ˈfeɪt/
flee,huir,The rabbit will flee if it sees a predator.,2025-03-10T19:18:35.448Z,/ˈfli/
plotting,trazando,The students are plotting their science project together.,2025-03-10T19:17:50.672Z,/ˈplɑtɪŋ/
impending doom,final inminente,calm despite the impending doom.,2025-03-10T19:17:18.350Z,/ˌɪˈmpɛndɪŋ ˈdum/
impending,inminente,calm despite the impending doom.,2025-03-10T19:17:10.797Z,/ˌɪˈmpɛndɪŋ/
keep a straight face,mantener la cara seria,"During the serious meeting, she had to keep a straight face when her friend made a silly joke.",2025-03-10T18:56:19.455Z,/ˈkip ə ˈstɹeɪt ˈfeɪs/
downfall,caída,The novel tells the story of a hero's downfall.,2025-03-10T06:04:32.359Z,/ˈdaʊˌnfɔl/
led to,condujo a,Her hard work led to a promotion at her job.,2025-03-10T06:04:05.386Z,/ˈlɛd ˈtu/
on behalf,en nombre de,I am speaking on behalf of my team at the meeting.,2025-03-10T06:00:59.282Z,/ˈɑn bɪˈhæf/
depict,representar,The painting depicts a beautiful landscape.,2025-03-10T05:58:51.947Z,/dɪˈpɪkt/
oddly,extrañamente,"She found a small, oddly shaped",2025-03-09T09:19:00.968Z,/ˈɑdli/
concrete jungle,jungla de cemento,"The children played in the park, trying to escape the concrete jungle around them.",2025-03-08T18:43:59.651Z,/kəˈnkɹit ˈdʒʌŋɡəl/
to be fond of,ser aficionado a,She is fond of reading books in her free time.,2025-03-08T11:13:13.965Z,/ˈtu ˈbi ˈfɑnd ˈʌv/
to get the car mended,"arreglar, reparar un coche",i need to get my car mended,2025-03-07T06:44:04.193Z,/ˈtu ˈɡɛt ðə ˈkɑɹ ˈmɛnd��d/
It's a tie!,¡Es un empate!,it's a tie for first place,2025-03-07T06:42:44.835Z,/ˈɪts ə ˈtaɪ/
for too long,por demasiado tiempo,Don't let me wait for too long.,2025-03-07T06:41:59.120Z,/ˈfɔɹ ˈtu ˈlɔŋ/
outstanding,"espectacular, excepcional",The view from the top of the mountain was outstanding.,2025-03-07T06:41:22.840Z,/ˌaʊˈtstændɪŋ/
to reckon,"estimar, pensar",I reckon it will take about an hour to get there.,2025-03-07T06:41:05.273Z,/ˈtu ˈɹɛkən/
regret,arrepentirse,I regret not studying harder for the exam.,2025-03-04T20:20:09.232Z,/ɹəˈɡɹɛt/
beneath,bajo,"a moment, feeling the warm sand beneath their feet.",2025-03-04T05:39:46.841Z,/bɪˈniθ/
pounding,golpeteo,The pounding of the drums filled the air.,2025-03-04T05:35:58.046Z,/ˈpaʊndɪŋ/
sorcerer,brujo,"through the forest, escaping the evil sorcerer's",2025-03-04T05:35:32.106Z,/ˈsɔɹsɚɚ/
stand in for,sustituir a,Can you stand in for me at the meeting tomorrow?,2025-03-02T22:55:40.365Z,/ˈstænd ɪn ˈfɔɹ/
pulse,legumbre,Lentils and chickpeas are pulses.,2025-03-02T20:06:55.500Z,/ˈpʌls/
glum,sombrío,She looked glum after hearing the bad news.,2025-03-02T19:18:59.009Z,/ˈɡlʌm/
ambush,emboscada,The soldiers planned an ambush to surprise the enemy.,2025-03-02T18:17:09.887Z,/ˈæˌmbʊʃ/
grim,sombrío,"The weather was grim, with dark clouds and heavy rain.",2025-03-02T18:16:31.439Z,/ˈɡɹɪm/
scattered,disperso/dispersa,I understand that you are a bit scattered.,2025-03-02T10:13:56.807Z,/ˈskætɚd/
I decided to do it.,Decidí hacerlo.,,2025-03-02T10:13:49.133Z,/ˈaɪ ˌdɪˈsaɪdɪd ˈtu ˈdu ˈɪt/
I suggest that you quit smoking.,Te sugiero que dejes de fumar.,,2025-03-02T10:13:07.256Z,/ˈaɪ səˈdʒɛst ˈðæt ˈju ˈkwɪt ˈsmoʊkɪŋ/
to quit,dejar de hacer algo,I'm going to quit my job and travel the world.,2025-03-02T10:12:52.309Z,/ˈtu ˈkwɪt/
savory,salado,She prefers savory snacks over sweet ones.,2025-02-26T05:43:08.652Z,/ˈseɪvɚi/
shelter,refugio,", and he found shelter under a tree.",2025-02-25T05:40:51.692Z,/ˈʃɛltɚ/
moan,quejarse,He always moans about his job.,2025-02-23T19:15:07.650Z,/ˈmoʊn/
to be concerned about,preocuparse,He is concerned about passing the exam.,2025-02-23T08:12:30.878Z,/ˈtu ˈbi kəˈnsɝnd əˈbaʊt/
leisure,ocio,I like to read books in my leisure time.,2025-02-23T07:25:44.268Z,/ˈlɛʒɚ/
out of the blue,sin avisar,She called me out of the blue after years of no contact.,2025-02-22T21:25:35.503Z,/ˈaʊt ˈʌv ðə ˈblu/
stroll,pasear,"As he strolled through the park, he saw an old friend, Sarah, sitting on a bench.",2025-02-22T07:37:53.391Z,/ˈstɹoʊl/
because of,debido a,We cancelled the trip because of the rain.,2025-02-22T07:30:31.765Z,/bɪˈkɔz ˈʌv/
Since it's your birthday,Porque es tu cumpleaños,"Since it's your birthday, you got to be invited for lunch today.",2025-02-22T07:30:10.902Z,/ˈsɪns ˈɪts ˈjɔɹ ˈbɝˌθdeɪ/
therefore,por lo tanto,He was injured and therefore unable to play.,2025-02-22T07:29:06.216Z,/ˈðɛˌɹfɔɹ/
You can't get away with it!,¡No te saldrás con la tuya!,You can't get away with cheating on the test. The teacher will find out.,2025-02-22T07:28:24.300Z,/ˈju ˈkænt ˈɡɛt əˈweɪ ˈwɪð ˈɪt/
get across,"expresar, hacer entender // atravesar","I tried to get my point across to the teacher, but she didn't seem to understand.",2025-02-22T07:27:40.621Z,/ˈɡɛt əˈkɹɔs/
get on / along with somebody,Llevarse bien con alguien,Do you get on with your colleagues?,2025-02-22T07:27:09.455Z,/ˈɡɛt ˈɑn əˈlɔŋ ˈwɪð ˈsʌˌmbɑdi/
get over,superar algo o a alguien,I had flu last week but I’ve got over it now.,2025-02-22T07:27:00.738Z,/ˈɡɛt ˈoʊvɚ/
get back,volver,We should get back by 7:30. Can you wait for us?,2025-02-22T07:26:22.139Z,/ˈɡɛt ˈbæk/
get out,¡Sal de aquí!,Get out of my room!,2025-02-22T07:26:11.915Z,/ˈɡɛt ˈaʊt/
get better,mejorar,You can get better at English by practicing.,2025-02-22T07:23:54.269Z,/ˈɡɛt ˈbɛtɚ/
with a grin,con una sonrisa,""" she said with a grin.",2025-02-20T04:59:30.075Z,/ˈwɪð ə ˈɡɹɪn/
hiking,senderismo,"""I heard you’re going hiking.",2025-02-20T04:58:34.119Z,/ˈhaɪkɪŋ/
bustling,bullicioso,"In a bustling city, a woman",2025-02-20T03:33:01.332Z,/ˈbʌsəlɪŋ/
scrub,frotar/fregar,He decided to scrub the old paint off the wall.,2025-02-19T21:32:29.834Z,/ˈskɹʌb/
at last!,¡por fin!,"After waiting for hours, the bus arrived at last!",2025-02-16T20:36:13.638Z,/ˈæt ˈlæst/
rather,bastante,The weather is rather cold today.,2025-02-16T08:18:25.538Z,/ˈɹæðɚ/
it comes to,se trata de,"In the end, it comes to how much effort you are willing to put in.",2025-02-16T08:16:28.823Z,/ˈɪt ˈkʌmz ˈtu/
dish out,servir,"At the party, she will dish out the cake to all the guests.",2025-02-16T08:12:39.295Z,/ˈdɪʃ ˈaʊt/
crumble,desmoronarse,The old building began to crumble after the earthquake.,2025-02-16T08:10:18.965Z,/ˈkɹʌmbəl/
follow up,seguimiento,Ron had to go to the doctor for a follow-up.,2025-02-15T20:45:59.034Z,/ˈfɑloʊ ˈʌp/
it will pay off,valdrá la pena,"If you keep studying every day, it will pay off in your exams.",2025-02-15T18:47:56.101Z,/ˈɪt ˈwɪl ˈpeɪ ˈɔf/
complaints,quejas,I have several complaints about the service at the restaurant.,2025-02-15T08:27:01.779Z,/kəˈmpleɪnts/
appointment,cita,I have an appointment with the doctor at 3 PM.,2025-02-15T08:25:14.575Z,/əˈpɔɪntmənt/
that's wild!,¡Qué fuerte!,"When I heard that she won the lottery, I said, ""That's wild!",2025-02-13T19:45:26.512Z,/ˈðæts ˈwaɪld/
eventually,finalmente,She eventually found her lost keys.,2025-02-13T18:28:19.576Z,/ɪˈvɛntʃəwəli/
pat,palmadita,He received a pat on the back for his hard work.,2025-02-12T05:50:41.255Z,/ˈpæt/
to hinder,dificultar/entorpecer,His lack of experience may hinder his chances of getting the job.,2025-02-12T05:47:08.231Z,/ˈtu ˈhɪndɚ/
thrill,emoción,I felt a thrill when I rode the roller coaster.,2025-02-12T05:44:46.067Z,/ˈθɹɪl/
to let know,Avisar,Please let me know if you can come to the party.,2025-02-12T05:33:49.202Z,/ˈtu ˈlɛt ˈnoʊ/
slightly,un poco,The prices are slightly higher than they were last year.,2025-02-11T07:24:20.853Z,/ˈslaɪtli/
I don't quite understand.,No entiendo exactamente.,"I'm sorry, but I don't quite understand what you mean by 'cultural diversity'.",2025-02-11T07:24:13.578Z,/ˈaɪ ˈdoʊnt ˈkwaɪt ˌʌndɚˈstænd/
not quite,"no exactamente, no del todo","Yet, it is not quite finished.I'm sorry, but I don't quite understand what you mean by 'cultural diversity'.",2025-02-11T07:23:55.840Z,/ˈnɑt ˈkwaɪt/
far more,mucho más,Love is far more important than money.,2025-02-11T07:23:45.199Z,/ˈfɑɹ ˈmɔɹ/
toddler,niño pequeño,The toddler is learning to walk.,2025-02-10T06:08:06.315Z,/ˈtɑdlɚ/
it turns out,resulta que,"He thought he lost his keys, but it turns out they were in his pocket.",2025-02-09T23:03:35.620Z,/ˈɪt ˈtɝnz ˈaʊt/
culprit,culpable,The police found the culprit of the robbery.,2025-02-09T23:00:37.693Z,/ˈkʌlpɹɪt/
mould,moho,We need to clean the bathroom to prevent mould from growing.,2025-02-09T22:57:04.266Z,/ˈmoʊld/
to shed light,arrojar luz,The teacher shed light on the difficult math problem during the class.,2025-02-09T22:50:47.033Z,/ˈtu ˈʃɛd ˈlaɪt/
naive,ingenuo,She was too naive to realize that he was lying to her.,2025-02-09T20:12:26.601Z,/ˌnaɪˈiv/
steep,empinado,The hill is very steep.,2025-02-09T20:10:31.006Z,/ˈstip/
outcomes,resultados,they could see how outcomes changed,2025-02-09T20:06:13.586Z,/ˈaʊˌtkʌmz/
offspring,descendencia,She is proud of her offspring and their achievements.,2025-02-09T20:04:10.880Z,/ˈɔˌfspɹɪŋ/
dashed,arruinado/frustrado,"a randomized control trial, was dashed.",2025-02-09T20:03:16.067Z,/ˈdæʃt/
stumble,tropezar,I stumbled on the sidewalk and almost fell.,2025-02-09T09:07:13.744Z,/ˈstʌmbəl/
commitment,compromiso,She showed great commitment to her studies by studying every day.,2025-02-09T08:56:45.881Z,/kəˈmɪtmənt/
overheard,escuchado por casualidad,"One day, he overheard a conversation about a new business opportunity that",2025-02-09T08:52:15.191Z,/ˈoʊvɚˈhɝd/
in the guise of,en la apariencia de,"He approached her in the guise of a friend, but he had other intentions.",2025-02-09T00:30:20.869Z,/ɪn ðə ˈɡaɪz ˈʌv/
under par,mal / mediocre,Her performance in the school play was under par compared to last year.,2025-02-08T19:50:08.234Z,/ˈʌndɚ ˈpɑɹ/
to weigh up,sopesar,"Before choosing a school, it's important to weigh up all your options.",2025-02-08T08:47:52.304Z,/ˈtu ˈweɪ ˈʌp/
In the wake of,A raíz de,She received a lot of support in the wake of her recent loss.,2025-02-08T08:44:15.585Z,/ɪn ðə ˈweɪk ˈʌv/
overall,en general,"Overall, I think we did a great job.",2025-02-08T08:39:53.796Z,/ˈoʊvɚˌɔl/
hesitant,vacilante/indeciso,He gave a hesitant answer when asked about his plans.,2025-02-07T21:41:09.336Z,/ˈhɛzɪtənt/
hopelessly in love,perdidamente enamorado,She's hopelessly in love with him.,2025-02-07T18:30:17.462Z,/ˈhoʊpləsli ɪn ˈlʌv/
bashfully,tímidamente,He was smiling bashfully.He bashfully looked away when she smiled at him.,2025-02-07T18:29:53.488Z,/ˈbæʃfəli/
giggle,risilla,She giggled at the silly joke her friend told.,2025-02-07T06:22:27.072Z,/ˈɡɪɡəl/
mirage,espejismo,She realized that her dream of becoming a famous singer was just a mirage.,2025-02-06T18:11:49.245Z,/mɚˈɑʒ/
to be all but confirmed.,estar casi confirmado.,The new movie is all but confirmed to be released next summer.,2025-02-06T18:07:20.895Z,/ˈtu ˈbi ˈɔl ˈbʌt kəˈnfɝmd/
takeaway,conclusión,That is sort of the takeaway.,2025-02-05T06:11:48.541Z,/ˈteɪkəˌweɪ/
to be hard to bear,ser difícil de soportar,The loss of a loved one can be hard to bear.,2025-02-04T22:44:52.958Z,/ˈtu ˈbi ˈhɑɹd ˈtu ˈbɛɹ/
feasible,factible,"Well, that's just not feasible.",2025-02-04T07:28:04.752Z,/ˈfizəbəl/
cuddling,mimos,"After a long day, I love cuddling on the couch with my dog.",2025-02-04T06:07:00.121Z,/ˈkʌdlɪŋ/
willpower,fuerza de voluntad,Don't you have any willpower?,2025-02-04T06:05:30.892Z,/ˈwɪˌlpaʊɚ/
It's chilling.,Es escalofriante.,The story about the haunted house is chilling and keeps me awake at night.,2025-02-04T06:05:08.433Z,/ˈɪts ˈtʃɪlɪŋ/
to be in the offing,está al caer,"The new movie is in the offing, and fans are excited to see the trailer.",2025-02-04T06:03:50.984Z,/ˈtu ˈbi ɪn ðə ˈɔfɪŋ/
Keep it up!,¡Sigue así!,Keep up the good work.,2025-02-03T19:01:12.953Z,/ˈkip ˈɪt ˈʌp/
to sleep in,dormir hasta tarde,I'm going to sleep in tomorrow since I don't have to work.She decided to sleep in because she didn’t have work today.,2025-02-03T19:00:38.294Z,/ˈtu ˈslip ɪn/
to cheer up,"animarse, alegrarse",She knows how to cheer up the saddest person in the world.,2025-02-03T18:59:48.094Z,/ˈtu ˈtʃɪɹ ˈʌp/
to show off,"presumir, alardear",He enjoyed showing off his muscles at the beach.She bought a new dress to show off at the party.,2025-02-03T18:59:18.903Z,/ˈtu ˈʃoʊ ˈɔf/
Out of curiosity,Por curiosidad,"Out of curiosity,what is your secret ingredient?",2025-02-03T18:51:25.739Z,/ˈaʊt ˈʌv ˌkjʊɹiˈɑsəti/
snooping,fisgonear,She was caught snooping through her sister's diary.,2025-02-03T18:51:02.115Z,/ˈsnupɪŋ/
stain,Mancha,I will find itand show you that stain!,2025-02-03T18:50:07.671Z,/ˈsteɪn/
trip,tropezar,Be careful not to trip on the stairs!,2025-02-03T18:45:17.798Z,/ˈtɹɪp/
clumsy,torpe,He is so clumsy that he always drops things.,2025-02-03T18:44:35.920Z,/ˈklʌmzi/
figure out,resolver/descubrir la solución,I need to figure out how to fix my bike.,2025-01-30T07:01:38.604Z,/ˈfɪɡjɚ ˈaʊt/
for the record,para que conste,"Just for the record, I finished my homework on time.",2025-01-30T07:00:15.361Z,/ˈfɔɹ ðə ɹəˈkɔɹd/
to be up to somebody,(algo) ser decisión de (alguien),The final decision is up to the manager.,2025-01-30T06:59:36.391Z,/ˈtu ˈbi ˈʌp ˈtu ˈsʌˌmbɑdi/
to get something straight,dejar bien claro,Let me get this straight - you want me to work overtime on Saturday?,2025-01-29T16:11:10.865Z,/ˈtu ˈɡɛt ˈsʌmθɪŋ ˈstɹeɪt/
a 7 out of ten,un 7 de diez,The pizza was delicious; I rate it a 9 out of ten.,2025-01-29T05:36:43.144Z,/ə ˈaʊt ˈʌv ˈtɛn/
slippers,zapatillas,I like to wear my slippers when I relax at home.,2025-01-26T15:36:00.564Z,/ˈslɪpɚz/
neglected,descuidado,The garden was neglected for years.,2025-01-26T15:30:11.774Z,/nəˈɡlɛktəd/
run out of,Quedarse sin,I ran out of sugar while baking.,2025-01-26T15:29:16.658Z,/ˈɹʌn ˈaʊt ˈʌv/
tough,duro/difícil,but she's a tough old bird.,2025-01-25T12:57:05.721Z,/ˈtʌf/
